target,mean,std,min,max
0,1.6207108087176176,1.5277193656270935,-1.714415546300752,5.243129106174358
1,-0.8869860353078027,0.40692184138487236,-1.8448626244134103,4.87699032200409
