target,mean,std,min,max
0,0.2961110885371502,1.8182126892880879,-2.360142803307797,6.421782307288858
1,-0.16115366628163696,0.4241911260847456,-1.496167289270188,0.375449745861874
