target,mean,std,min,max
0,0.17316942471666485,1.641839149596654,-1.0656297214796246,12.548223683331141
1,-0.09644804890803153,0.06998419595155272,-0.33274576748626,0.11695422915482266
