target,mean,std,min,max
0,0.46876219511164186,2.490605368686257,-3.6960216096450926,8.328061670962699
1,-0.25813343183324733,0.3834023847654593,-3.440986681219471,0.2940319669408395
