target,mean,std,min,max
0,0.004854033371626137,0.7347799672840104,-2.4695187315403446,2.5397372714048325
1,-0.3227751886916527,0.6932604261019308,-1.8029856592189586,0.663653888433233
2,0.39543642505929466,0.6502808924959327,-1.8029856592189586,0.6635093206433874
