target,mean,std,min,max
0,-0.006281629082298221,0.42047518071940376,-1.349348806513629,2.0609811692515536
1,0.38558535138652467,0.2018287668373499,-0.21378726372594045,0.5281275612088467
2,0.18071546794832674,0.2936336974576631,-0.21378726372594045,1.517347327788563
