target,mean,std,min,max
0,-0.036381301648070435,1.5594574101400371,-2.3069216857373576,4.904327542777152
1,2.2672616920827315,1.8861425942697074,-0.4190658588396795,3.5938270337188056
2,0.3153249866780572,1.5844740749725998,-0.41895314435080927,4.904327542777152
