target,mean,std,min,max
0,0.0032625282789746106,0.8693450248114043,-1.6134025311621008,3.5051096001238995
1,-0.16757302776794908,0.6224883254665676,-1.2405159280050875,0.27195895544093507
2,-0.8080408221352726,0.7131643750206036,-1.2405159280050875,2.288592133368965
