Model,Accuracy,F1 Score
Decision Stump (depth=1),0.016321687541199736,0.0005700870541364275
Decision Tree (depth=2),0.7907580751483191,0.8689658755568438
Single Feature: feature_3,0.6858668424522083,0.8028256910649858
Single Feature: feature_1,0.5806460118655241,0.7248333384499961
Single Feature: feature_2,0.22317732366512855,0.3497562573371268
Single Feature: feature_0,0.7570336189848385,0.8473098186809365
