,accuracy,precision,recall,f1_score,avg_precision
Logistic Regression,0.634726433750824,0.9850730186700353,0.634726433750824,0.7659323699661083,N/A
Random Forest,0.9764535266974291,0.9941765133284749,0.9764535266974291,0.9843903161543303,N/A
XGBoost,0.976044825313118,0.9941757442194665,0.976044825313118,0.9841795919686296,N/A
