Feature,Importance,Cumulative_Importance
feature_1,0.36242408181763763,0.36242408181763763
feature_3,0.2924220214615462,0.6548461032791839
feature_0,0.24009724521127482,0.8949433484904588
feature_2,0.10505665150954124,1.0
