Feature,Importance,Cumulative_Importance
feature_2,0.3253907,0.3253907
feature_0,0.2777988,0.60318947
feature_1,0.2027738,0.8059633
feature_3,0.19403672,1.0
