Model,Accuracy,F1 Score
Decision Stump (depth=1),0.8470087815587267,0.9152520080320583
Decision Tree (depth=2),0.7745952250274424,0.8713536129431302
Single Feature: feature_1,0.6574163007683864,0.7920999887622306
Single Feature: feature_3,0.28673847420417126,0.4443471962531442
Single Feature: feature_2,0.6387211855104281,0.7781107917002215
Single Feature: feature_0,0.7777167947310648,0.8736466120688202
