,accuracy,precision,recall,f1_score,avg_precision
Logistic Regression,0.6960071350164654,0.997381898967471,0.6960071350164654,0.8194012254787744,N/A
Random Forest,0.9965697036223929,0.999194787130882,0.9965697036223929,0.9977922540757646,N/A
XGBoost,0.9900178375411636,0.9984921915114782,0.9900178375411636,0.9939542570857501,N/A
