Feature,Importance,Cumulative_Importance
feature_2,0.301571173529493,0.301571173529493
feature_3,0.28757975548802095,0.5891509290175139
feature_0,0.22081850177643805,0.8099694307939519
feature_1,0.19003056920604805,1.0
