Feature,Importance,Cumulative_Importance
feature_3,0.31000152,0.31000152
feature_2,0.27983207,0.5898336
feature_0,0.2632278,0.85306144
feature_1,0.14693856,1.0
