Model,Accuracy,F1 Score
Decision Stump (depth=1),0.9610287795255678,0.9606445791981373
Decision Tree (depth=2),0.979136108441657,0.9790708694171019
Single Feature: feature_1,0.9574629507865055,0.9568592794214102
Single Feature: feature_2,0.5342420717212079,0.5403372460066923
Single Feature: feature_0,0.5904860654493955,0.596556767292538
Single Feature: feature_3,0.7089423903697335,0.6739699996760088
