Feature,Importance,Cumulative_Importance
feature_1,0.6107243656103203,0.6107243656103203
feature_0,0.22451809660847666,0.8352424622187969
feature_2,0.1072965875575958,0.9425390497763928
feature_3,0.05746095022360714,1.0
