target,mean,std,min,max
0,-0.0011012237736478733,0.8896622161193222,-2.5686258619782616,5.747175465533631
1,0.6677514435250406,0.8133070153137104,0.05941077481214999,1.9578465966432939
2,0.9490983006986604,0.7975819602903065,0.1267532173863453,1.9578465966432939
3,-0.615270323088804,0.8408477149607824,-1.5351191524172505,1.9578465966432939
