target,mean,std,min,max
0,-0.00032886808460158784,0.566518886992406,-1.285706430752515,4.083500562203509
1,0.16836569970244464,0.054728535430810805,0.05938538337830085,0.27349747468501395
2,0.14019913953330307,0.034915728487915805,0.05868781930593938,0.18482799503937894
3,0.08669215008839537,0.04345799066994822,0.04450030603084795,0.18474079953033373
