target,mean,std,min,max
0,-0.0028234606790835267,1.4124749579741198,-3.461489909021154,8.51093698204235
1,1.3477122603750709,1.7736032145019767,-0.8212592092938709,3.294780285658911
2,0.7865450799140823,1.6174940589954723,-0.8212592092938709,3.1139519828554625
3,1.5313891796887844,1.647263507728016,-0.8202810202193643,3.2897839669842144
