target,mean,std,min,max
0,0.0005734385325006136,0.9419900739420408,-2.2805965159613253,14.088691941366685
1,-0.2230827841467145,0.5836136864317978,-1.1948429866005923,0.7191107406403349
2,-0.23919522521866698,0.5135445478323357,-1.1990027558046188,0.26196425197386375
3,-0.5835493971734245,0.3083945537162491,-1.1948429866005923,0.27041820130384875
